"id","folder","file","imagetypesetid","width","height","caption","title","creation_date","googlephotos_baseurl","googlephotos_filename","flickr_secret","flickr_secret_h","flickr_secret_k","flickr_secret_o","flickr_server","flickr_farm","flickr_originalformat","s3_etag","s3_etag_thumbnails","url","exif","ordering","ismainimage","ismainimageonly","type","hits","published","userid","modified","created"
"1","Regina Poloniae w Atenach Roztocza","a5991c0c1688d26e8df12a45eb8985e4",NULL,"1024","768",,,"20220921115310","https://lh3.googleusercontent.com/pw/AP1GczNsuBycxLzsx0A58Y20_TyGLtXswKlKE5W9CPjESolhK-nR3cL6xZSdh_PnFMtrRphnQtg0EfI7F4EhyiTyzxEsjqmL30_O-P5_SnBvX6jKtrD2JQ","a5991c0c1688d26e8df12a45eb8985e4",NULL,NULL,NULL,NULL,NULL,NULL,NULL,NULL,NULL,,"{""fstop"":"""",""focallength"":"""",""exposuretime"":"""",""model"":"""",""iso"":"""",""filename"":""a5991c0c1688d26e8df12a45eb8985e4""}","0","0","0","image","0","1","0","2025-03-15 18:32:02","2024-03-21 14:58:38"
"2","Regina Poloniae w Atenach Roztocza","e50400d7cc247eb1484399306bd0dc39",NULL,"1024","768",,,"20220921115334","https://lh3.googleusercontent.com/pw/AP1GczMFrm-SpzvqCFnSArMJ6z5wMpNgMqzF4GTD_oXii6Da4PzoYEinMRzh0pVEqvI6Pst49JyyUz41gwcVcU8QHrIBDQ_Z2sJRujvumUYhNYyvqw7hNg","e50400d7cc247eb1484399306bd0dc39",NULL,NULL,NULL,NULL,NULL,NULL,NULL,NULL,NULL,,"{""fstop"":"""",""focallength"":"""",""exposuretime"":"""",""model"":"""",""iso"":"""",""filename"":""e50400d7cc247eb1484399306bd0dc39""}","1","0","0","image","0","1","0","2025-03-15 18:32:02","2024-03-21 14:58:38"
"3","Regina Poloniae w Atenach Roztocza","22ce419f6661d78759611b5e7494da36",NULL,"1024","768",,,"20220921115355","https://lh3.googleusercontent.com/pw/AP1GczP1nhfWnQGxkFN8tXs50s7itsg5tKCoT015ZpycJLodxnncSz1SSKuoi4JRmNn3dQtcmq9Xq7gRoIpWrWjdGDCjHKOWVRBZee2UIbYc2JsGo9wmmQ","22ce419f6661d78759611b5e7494da36",NULL,NULL,NULL,NULL,NULL,NULL,NULL,NULL,NULL,,"{""fstop"":"""",""focallength"":"""",""exposuretime"":"""",""model"":"""",""iso"":"""",""filename"":""22ce419f6661d78759611b5e7494da36""}","2","0","0","image","0","1","0","2025-03-15 18:32:02","2024-03-21 14:58:38"
"4","Regina Poloniae w Atenach Roztocza","79fadebdd25d5ce54885bca5809e8deb",NULL,"1024","768",,,"20220921115410","https://lh3.googleusercontent.com/pw/AP1GczO1PUnnYxke8uJP0VC3tnjyRA1m-uyQAsr8UhncCOj3TEo1vqYJQ9kuoMrNKigwRycwDr1ppEi7RRnXkvn5Yo00Xj1puxPfj2RUjMrkoXMlC7VFFQ","79fadebdd25d5ce54885bca5809e8deb",NULL,NULL,NULL,NULL,NULL,NULL,NULL,NULL,NULL,,"{""fstop"":"""",""focallength"":"""",""exposuretime"":"""",""model"":"""",""iso"":"""",""filename"":""79fadebdd25d5ce54885bca5809e8deb""}","3","0","0","image","0","1","0","2025-03-15 18:32:02","2024-03-21 14:58:38"
"5","Regina Poloniae w Atenach Roztocza","2c3cb10812697c977cc908665b8229d8",NULL,"1025","768",,,"20220921115519","https://lh3.googleusercontent.com/pw/AP1GczMa-RsIdciILJGca123QPxYsprsb5yq8PMDLguYn4H6ydyv15j_y5V1AZKZEZVSGLAEfRozSZrj7gl1AD87bZEb0KzaphBd25OopKQFd8lvzYJqSw","2c3cb10812697c977cc908665b8229d8",NULL,NULL,NULL,NULL,NULL,NULL,NULL,NULL,NULL,,"{""fstop"":"""",""focallength"":"""",""exposuretime"":"""",""model"":"""",""iso"":"""",""filename"":""2c3cb10812697c977cc908665b8229d8""}","4","0","0","image","0","1","0","2025-03-15 18:32:02","2024-03-21 14:58:38"
"6","Regina Poloniae w Atenach Roztocza","d09c26a579466e52f173cf9213eef616",NULL,"1024","768",,,"20220921115528","https://lh3.googleusercontent.com/pw/AP1GczNd08mfHsLVsVx0G7aNIrmrFJMEB8Bvzz2xpgqOcBZQn1OrLCR7UEAWS1hNKN2CZC0CtaxLGNZQ60Ejk6A1rKzPBOiGzCAngJN8jXL6oKG_2mnE7Q","d09c26a579466e52f173cf9213eef616",NULL,NULL,NULL,NULL,NULL,NULL,NULL,NULL,NULL,,"{""fstop"":"""",""focallength"":"""",""exposuretime"":"""",""model"":"""",""iso"":"""",""filename"":""d09c26a579466e52f173cf9213eef616""}","5","0","0","image","0","1","0","2025-03-15 18:32:02","2024-03-21 14:58:38"
"7","Regina Poloniae w Atenach Roztocza","4a7e42150e4e5f3e45de253cc45d1bb8",NULL,"1024","768",,,"20220921115534","https://lh3.googleusercontent.com/pw/AP1GczMpTnAc6Xj4s_qyI893_PnDrXfui8gUZKKRv7GwixZ48s_YVeDYcewoVwro2CFk1mz60AApoUMHgk_r5LDad8-_9BHyPe-WbphUD0elQjR0DGl2bw","4a7e42150e4e5f3e45de253cc45d1bb8",NULL,NULL,NULL,NULL,NULL,NULL,NULL,NULL,NULL,,"{""fstop"":"""",""focallength"":"""",""exposuretime"":"""",""model"":"""",""iso"":"""",""filename"":""4a7e42150e4e5f3e45de253cc45d1bb8""}","6","0","0","image","0","1","0","2025-03-15 18:32:02","2024-03-21 14:58:38"
"8","Regina Poloniae w Atenach Roztocza","d2eef24baf3d063087eba5caee4fea95",NULL,"1025","768",,,"20220921115543","https://lh3.googleusercontent.com/pw/AP1GczNgbaYPnIkm_4jj8Ph97T_vN1kPnFekg_z0mtLA_iVT2K_KaqnCZATdMKjTgNBAn1ZDLwNJ5D4Xn2MSnEEUX7Smh0M-LCPleu9F_QCSkBN_WsPc6Q","d2eef24baf3d063087eba5caee4fea95",NULL,NULL,NULL,NULL,NULL,NULL,NULL,NULL,NULL,,"{""fstop"":"""",""focallength"":"""",""exposuretime"":"""",""model"":"""",""iso"":"""",""filename"":""d2eef24baf3d063087eba5caee4fea95""}","7","0","0","image","0","1","0","2025-03-15 18:32:02","2024-03-21 14:58:38"
"9","Regina Poloniae w Atenach Roztocza","0d9597b38a669dbeba42eaa8cd7ddb88",NULL,"1024","768",,,"20220921115553","https://lh3.googleusercontent.com/pw/AP1GczM2hIMND9x33Xqrk1yT0rZuMLZ5OuBFXtcBDmbvuKY1UD5DybTqfJAQsGn4xT3S9Qmikd72dvuSeVSiOU-ldf7g8-mB4_lmFvtbwcOzlUx70o-EBQ","0d9597b38a669dbeba42eaa8cd7ddb88",NULL,NULL,NULL,NULL,NULL,NULL,NULL,NULL,NULL,,"{""fstop"":"""",""focallength"":"""",""exposuretime"":"""",""model"":"""",""iso"":"""",""filename"":""0d9597b38a669dbeba42eaa8cd7ddb88""}","8","0","0","image","0","1","0","2025-03-15 18:32:02","2024-03-21 14:58:38"
"10","Regina Poloniae w Atenach Roztocza","aee21eef92a52b51ce8f957ba74c66ec",NULL,"576","768",,,"20220921115613","https://lh3.googleusercontent.com/pw/AP1GczMPTaCva352S-Q2A_3Nru16xYlZ17mWHbAhq-JwyP60CSatPzGjz51Q8sxo9PWmgshBMtF72ydX5r2d6yCEkNzBJMRFAmy2Mot02IKEyxKeRFzSEQ","aee21eef92a52b51ce8f957ba74c66ec",NULL,NULL,NULL,NULL,NULL,NULL,NULL,NULL,NULL,,"{""fstop"":"""",""focallength"":"""",""exposuretime"":"""",""model"":"""",""iso"":"""",""filename"":""aee21eef92a52b51ce8f957ba74c66ec""}","9","0","0","image","0","1","0","2025-03-15 18:32:02","2024-03-21 14:58:38"
"11","Od Darka Szozdy","f527d0837faf9b31106cd88f3ab1b2d2",NULL,"1200","801",,,"20240318222310","https://lh3.googleusercontent.com/pw/AP1GczOllCyMfz8kwflVGn0SPG1c0-umZmvWVT_Wk3siZI_1djNVleX-uMhK0sLk6CFOw7-AfIQpO_2oucpFIyvcD1pocQ9YVulXaR-x6t4Q7_vntYY3xM4","f527d0837faf9b31106cd88f3ab1b2d2",NULL,NULL,NULL,NULL,NULL,NULL,NULL,NULL,NULL,,"{""fstop"":"""",""focallength"":"""",""exposuretime"":"""",""model"":"""",""iso"":"""",""filename"":""f527d0837faf9b31106cd88f3ab1b2d2""}","0","0","0","image","0","1","0","2026-04-01 14:38:12","2024-03-21 15:55:36"
"12","Od Darka Szozdy","bee137d6dc338975e26da8b406498cd3",NULL,"1200","675",,,"20240318222313","https://lh3.googleusercontent.com/pw/AP1GczNmPEFaOMmfvh-Efsjub0Uze0Erp1_wyM6wvbUx0snjuEOubmR5qYQrsOzb_MoUD_x6Vmq9u3p0wlYaDd31HI6UGUZpL3kLfhmlzQh-yQVG9YadLpk","bee137d6dc338975e26da8b406498cd3",NULL,NULL,NULL,NULL,NULL,NULL,NULL,NULL,NULL,,"{""fstop"":"""",""focallength"":"""",""exposuretime"":"""",""model"":"""",""iso"":"""",""filename"":""bee137d6dc338975e26da8b406498cd3""}","1","0","0","image","0","1","0","2026-04-01 14:38:12","2024-03-21 15:55:36"
"13","Od Darka Szozdy","02c4c8ee9b9ce86ef174600d7a27a8da",NULL,"1200","801",,,"20240318222310","https://lh3.googleusercontent.com/pw/AP1GczMBCyduKQYbIZWCeaRP5vsU824-O_2a1oT95z2o57zaJiIEBONwElpswjTVMqeZRwf1H-KxkkJ1GDkSu7cDzq9a9ptIi7K59Bx9ZPBkBakDQa9E0tY","02c4c8ee9b9ce86ef174600d7a27a8da",NULL,NULL,NULL,NULL,NULL,NULL,NULL,NULL,NULL,,"{""fstop"":"""",""focallength"":"""",""exposuretime"":"""",""model"":"""",""iso"":"""",""filename"":""02c4c8ee9b9ce86ef174600d7a27a8da""}","2","0","0","image","0","1","0","2026-04-01 14:38:12","2024-03-21 15:55:36"
"14","Od Darka Szozdy","a316969b88b9638091e35c69283d9618",NULL,"1200","675",,,"20240318222314","https://lh3.googleusercontent.com/pw/AP1GczMwUSFuXzXhil65SN2cfY2xN35JmKmAH0-YHulPocb3CS8s6A_kazHqjTo0bXHLQYCq-H6OM4QbkHGkfZwlJ7fF5dFFQaHzOI2NRjHDGIJLsNa8XBs","a316969b88b9638091e35c69283d9618",NULL,NULL,NULL,NULL,NULL,NULL,NULL,NULL,NULL,,"{""fstop"":"""",""focallength"":"""",""exposuretime"":"""",""model"":"""",""iso"":"""",""filename"":""a316969b88b9638091e35c69283d9618""}","3","0","0","image","0","1","0","2026-04-01 14:38:12","2024-03-21 15:55:36"
"15","Od Darka Szozdy","5f0a283ce9501826682e09bf899c937c",NULL,"1200","801",,,"20240318222311","https://lh3.googleusercontent.com/pw/AP1GczO2Qh_dXjaK3jsLD6liolStjdVkYNRPWqBxTJyHv1cUL_YK-v8Eg3rgjqiYkLEc4rnFDL9n5FQNnWOmuth6cxZnerr2DFXJ0ebfINBwqJpeMJ-zwN4","5f0a283ce9501826682e09bf899c937c",NULL,NULL,NULL,NULL,NULL,NULL,NULL,NULL,NULL,,"{""fstop"":"""",""focallength"":"""",""exposuretime"":"""",""model"":"""",""iso"":"""",""filename"":""5f0a283ce9501826682e09bf899c937c""}","4","0","0","image","0","1","0","2026-04-01 14:38:12","2024-03-21 15:55:36"
"16","Od Darka Szozdy","5f6d49350b50a5eb0f6697662d745b0a",NULL,"1200","675",,,"20240318222309","https://lh3.googleusercontent.com/pw/AP1GczM4KiOF9Z2L-YvIEQZkhU8ICu9bAXGSGCFaZQYsm0ElvKJBTkT9Fa2X41Zw5QsYZLIOFD5Z2a9YnvmFYT-usCMZBrgaJKXnXSQnw2aVQfZ2-ReBm70","5f6d49350b50a5eb0f6697662d745b0a",NULL,NULL,NULL,NULL,NULL,NULL,NULL,NULL,NULL,,"{""fstop"":"""",""focallength"":"""",""exposuretime"":"""",""model"":"""",""iso"":"""",""filename"":""5f6d49350b50a5eb0f6697662d745b0a""}","5","0","0","image","0","1","0","2026-04-01 14:38:12","2024-03-21 15:55:36"
"17","Od Darka Szozdy","703d9c4dc3985f0276a9fc9e4a341bf0",NULL,"1200","675",,,"20240318222309","https://lh3.googleusercontent.com/pw/AP1GczOb60vVsvqlZrGjsMJmJQ3djfayyoNFiPQhvHQPv0DCNEz7-DdcB_-a-Rv8R6_6t4V3kgXpZTbOaz-TIylac4vX5FR8UrKVk7WfwwMbC8zGOKO8oKI","703d9c4dc3985f0276a9fc9e4a341bf0",NULL,NULL,NULL,NULL,NULL,NULL,NULL,NULL,NULL,,"{""fstop"":"""",""focallength"":"""",""exposuretime"":"""",""model"":"""",""iso"":"""",""filename"":""703d9c4dc3985f0276a9fc9e4a341bf0""}","6","0","0","image","0","1","0","2026-04-01 14:38:12","2024-03-21 15:55:36"
"18","Od Darka Szozdy","406cd0455fe941ed43ef6478e2af5225",NULL,"1200","675",,,"20240318222309","https://lh3.googleusercontent.com/pw/AP1GczMOc9UqGFF_qfbk160XKxM2OrUMBnb4bWWODPTgUQz77xVUP3Fj14hTjvcezpJXSyWrr0mEulTpLZO-1QNEdkeE4RuoqBQxRW82-c_I--KJXF5j9d0","406cd0455fe941ed43ef6478e2af5225",NULL,NULL,NULL,NULL,NULL,NULL,NULL,NULL,NULL,,"{""fstop"":"""",""focallength"":"""",""exposuretime"":"""",""model"":"""",""iso"":"""",""filename"":""406cd0455fe941ed43ef6478e2af5225""}","7","0","0","image","0","1","0","2026-04-01 14:38:12","2024-03-21 15:55:36"
"19","Od Darka Szozdy","f47345a811ca51fb75a9151eaee96ed9",NULL,"1200","675",,,"20240318222309","https://lh3.googleusercontent.com/pw/AP1GczO2BxprLqnKK7ItQb6h_StMYpqRAZTqKReFPKPbjmV5xqwpFiWHBAXKIJ32SdN4B8Q0XP7Ec6d-tA3NOrCcwfg3WVhkE1ltSXi5u6it4HCj63Zs_8s","f47345a811ca51fb75a9151eaee96ed9",NULL,NULL,NULL,NULL,NULL,NULL,NULL,NULL,NULL,,"{""fstop"":"""",""focallength"":"""",""exposuretime"":"""",""model"":"""",""iso"":"""",""filename"":""f47345a811ca51fb75a9151eaee96ed9""}","8","0","0","image","0","1","0","2026-04-01 14:38:12","2024-03-21 15:55:36"
"20","Od Darka Szozdy","bf29fa83cd16badf5113943caf6314a4",NULL,"1200","801",,,"20240318222310","https://lh3.googleusercontent.com/pw/AP1GczPOKjMiDEnvPYko1GpDGVAbRCdDrmIb-KwlWfWVN5boEq81qZkvPBTLGyPbg1VoAOFy0dmCAIHcLNFbo70hekPGFn6mjUqtMBvW7-nLrFqFJ06nClA","bf29fa83cd16badf5113943caf6314a4",NULL,NULL,NULL,NULL,NULL,NULL,NULL,NULL,NULL,,"{""fstop"":"""",""focallength"":"""",""exposuretime"":"""",""model"":"""",""iso"":"""",""filename"":""bf29fa83cd16badf5113943caf6314a4""}","9","0","0","image","0","1","0","2026-04-01 14:38:12","2024-03-21 15:55:36"
"21","Od Darka Szozdy","420372245d3aec69291e0477467a308f",NULL,"1200","1798",,,"20240318222311","https://lh3.googleusercontent.com/pw/AP1GczNaCk7uvWuhXYgxAwV8n19E_4YvtWzeSj3SiMch_Je2oQ-9WOAF1H58lsQpDN7BlNC1gtoMzfk-gcC1iONPidatVwJZtvfyW7oaQMOfiFqienJV9Yk","420372245d3aec69291e0477467a308f",NULL,NULL,NULL,NULL,NULL,NULL,NULL,NULL,NULL,,"{""fstop"":"""",""focallength"":"""",""exposuretime"":"""",""model"":"""",""iso"":"""",""filename"":""420372245d3aec69291e0477467a308f""}","10","0","0","image","0","1","0","2026-04-01 14:38:12","2024-03-21 15:55:36"
"22","Od Darka Szozdy","24cf9404610ec78095fca8f072714171",NULL,"1200","675",,,"20240318222314","https://lh3.googleusercontent.com/pw/AP1GczPHjJypjdh5DHdcUR6WZ5OJaeAMgtgTkuJe5yd5dKPWx5wimoPFdy-szPppgoSboMCry9G-yanfTgGYzxQD84FHtgeSNKySGOe0PH64q_Qz_R6g3y4","24cf9404610ec78095fca8f072714171",NULL,NULL,NULL,NULL,NULL,NULL,NULL,NULL,NULL,,"{""fstop"":"""",""focallength"":"""",""exposuretime"":"""",""model"":"""",""iso"":"""",""filename"":""24cf9404610ec78095fca8f072714171""}","11","0","0","image","0","1","0","2026-04-01 14:38:12","2024-03-21 15:55:36"
"23","Od Darka Szozdy","e39f40c9925144c9dc74f6abd5abb712",NULL,"1200","801",,,"20240318222312","https://lh3.googleusercontent.com/pw/AP1GczPUGD4yQyUZc4G_zBhiS1V6F0brP2nGlcDw3QoNQdu6mBYI9UA25A8OyL7wzCX3_3Psohci3tMzSOs8iVQUQpaV52UogOWcIOauMCYNjFviSiN37xs","e39f40c9925144c9dc74f6abd5abb712",NULL,NULL,NULL,NULL,NULL,NULL,NULL,NULL,NULL,,"{""fstop"":"""",""focallength"":"""",""exposuretime"":"""",""model"":"""",""iso"":"""",""filename"":""e39f40c9925144c9dc74f6abd5abb712""}","12","0","0","image","0","1","0","2026-04-01 14:38:12","2024-03-21 15:55:36"
"24","Od Darka Szozdy","bd8ca857923b30c1d7b992fc842437fe",NULL,"1200","675",,,"20240318222314","https://lh3.googleusercontent.com/pw/AP1GczMGToV2TbzVWquJNy6lgciAc6b-U1kWXLgGleHqYIrr-cbtLkNgfQWKLC_2C8T_jZdzROllMaGmIum_P1cM8ct8SKHGYqVkBCFrsUMT8FXzOq4WOsk","bd8ca857923b30c1d7b992fc842437fe",NULL,NULL,NULL,NULL,NULL,NULL,NULL,NULL,NULL,,"{""fstop"":"""",""focallength"":"""",""exposuretime"":"""",""model"":"""",""iso"":"""",""filename"":""bd8ca857923b30c1d7b992fc842437fe""}","13","0","0","image","0","1","0","2026-04-01 14:38:12","2024-03-21 15:55:36"
"25","Od Darka Szozdy","21c672b9d389808f8575654e277be74f",NULL,"1200","801",,,"20240318222313","https://lh3.googleusercontent.com/pw/AP1GczN8eMEOwIN48XiLMwNSYxDBYalXMUThbGTm6OXtkCZZodBQHcs9iduQvbzJRJ4NZ_3F0_fOA61VBvs0On8LrKlH0ivqqkPz8OvEbdGq-0OjvhIb90A","21c672b9d389808f8575654e277be74f",NULL,NULL,NULL,NULL,NULL,NULL,NULL,NULL,NULL,,"{""fstop"":"""",""focallength"":"""",""exposuretime"":"""",""model"":"""",""iso"":"""",""filename"":""21c672b9d389808f8575654e277be74f""}","14","0","0","image","0","1","0","2026-04-01 14:38:12","2024-03-21 15:55:36"
"26","Od Darka Szozdy","4ca6af651607f4320d287a027d83c92e",NULL,"1200","801",,,"20240318222313","https://lh3.googleusercontent.com/pw/AP1GczMys4tXJtCZ4WmuySO-IVqSjbb_VagSXApaB5yTK11yduBBxY_5thEXY25X7stI0KntSOuBAF7UddhbtuGvSRE3OUiPU0_cE8CXD9yPzVmUC-jPRHc","4ca6af651607f4320d287a027d83c92e",NULL,NULL,NULL,NULL,NULL,NULL,NULL,NULL,NULL,,"{""fstop"":"""",""focallength"":"""",""exposuretime"":"""",""model"":"""",""iso"":"""",""filename"":""4ca6af651607f4320d287a027d83c92e""}","15","0","0","image","0","1","0","2026-04-01 14:38:12","2024-03-21 15:55:36"
"27","Od Darka Szozdy","3e1291006ac341b84f0f93d2c1295bb2",NULL,"1200","675",,,"20240318222309","https://lh3.googleusercontent.com/pw/AP1GczM__czKJZe6xHyKtqOX9qHTqOarGh2DfPHV0BvE94dKxDWKvshm7qz5UEP9fS7wQoy0mOlE0AbJXXwwHGJnHrygnrjcfZJtog3wwZNfp-RQ8sxvhdU","3e1291006ac341b84f0f93d2c1295bb2",NULL,NULL,NULL,NULL,NULL,NULL,NULL,NULL,NULL,,"{""fstop"":"""",""focallength"":"""",""exposuretime"":"""",""model"":"""",""iso"":"""",""filename"":""3e1291006ac341b84f0f93d2c1295bb2""}","16","0","0","image","0","1","0","2026-04-01 14:38:12","2024-03-21 15:55:36"
"28","Od Darka Szozdy","b8c8dd82b069af781effa5e21dde887e",NULL,"1200","801",,,"20240318222312","https://lh3.googleusercontent.com/pw/AP1GczOLB92MU7aFLvRXPX7gTxXpYfzWy2w80yNke8mglQ_q9Fbo-l2dBXUjl_uNCezDxwW7-LDUcKcrs_Ou7nUZ4xpRkzTwr6fQJPwEA9lcMrR1MnBHYkw","b8c8dd82b069af781effa5e21dde887e",NULL,NULL,NULL,NULL,NULL,NULL,NULL,NULL,NULL,,"{""fstop"":"""",""focallength"":"""",""exposuretime"":"""",""model"":"""",""iso"":"""",""filename"":""b8c8dd82b069af781effa5e21dde887e""}","17","0","0","image","0","1","0","2026-04-01 14:38:12","2024-03-21 15:55:36"
"29","Od Darka Szozdy","96aea874601fdbf3ba75e31976b97bd8",NULL,"1200","801",,,"20240318222312","https://lh3.googleusercontent.com/pw/AP1GczOdl06y4hMMXEsypRen9vlcWWdgBzt3a13JjhT-lNidFXKMpyzBwQEI-UKx-RHc9siDBZIkCAt8GgRQXLwbvtdAvUXKH7k54F2LMC7xVNOaNysC1N0","96aea874601fdbf3ba75e31976b97bd8",NULL,NULL,NULL,NULL,NULL,NULL,NULL,NULL,NULL,,"{""fstop"":"""",""focallength"":"""",""exposuretime"":"""",""model"":"""",""iso"":"""",""filename"":""96aea874601fdbf3ba75e31976b97bd8""}","18","0","0","image","0","1","0","2026-04-01 14:38:12","2024-03-21 15:55:36"
"30","Od Darka Szozdy","0b7adec9af1cdb615bb35ca9f18d0285",NULL,"1200","801",,,"20240318222312","https://lh3.googleusercontent.com/pw/AP1GczOYgktmsDQHAI6dnv6137Ed-MA7IGLBi2yKh_ppX5ag5ymfI-TUrUHPs1U-0IHAJPhIfNhjzEuTW4qgqWH0eO5yS2I9X6JZGzXKjmSzC56a217NDHo","0b7adec9af1cdb615bb35ca9f18d0285",NULL,NULL,NULL,NULL,NULL,NULL,NULL,NULL,NULL,,"{""fstop"":"""",""focallength"":"""",""exposuretime"":"""",""model"":"""",""iso"":"""",""filename"":""0b7adec9af1cdb615bb35ca9f18d0285""}","19","0","0","image","0","1","0","2026-04-01 14:38:12","2024-03-21 15:55:36"
"31","Od Darka Szozdy","0225aa8014b8e489d3c33cb2f721b41b",NULL,"1200","801",,,"20240318222311","https://lh3.googleusercontent.com/pw/AP1GczO94e--2DZKWJAHPVrHvTCeSiC7Dti5F9nkg7v7hwY9z2PZnNeAtFRDgV4YDBgrcdx6TWA82-uhpNHTNcI2P-yPD8dhb_boNQvPMOT2Gz9WcKmGY8c","0225aa8014b8e489d3c33cb2f721b41b",NULL,NULL,NULL,NULL,NULL,NULL,NULL,NULL,NULL,,"{""fstop"":"""",""focallength"":"""",""exposuretime"":"""",""model"":"""",""iso"":"""",""filename"":""0225aa8014b8e489d3c33cb2f721b41b""}","20","0","0","image","0","1","0","2026-04-01 14:38:12","2024-03-21 15:55:36"
"32","Od Darka Szozdy","85fc1cb2e1b154080ddf44f61d623766",NULL,"1200","801",,,"20240318222313","https://lh3.googleusercontent.com/pw/AP1GczNDg1k-eNz-t0DGsMFwsyu2fvMRUswZ2wKlAYTIdtyRDYVopSO9LiQ36ow5g503X2O-bIbMRX34br81FqA5e_TmRQqj49N2fVh31hAgs4rlJMlM3LY","85fc1cb2e1b154080ddf44f61d623766",NULL,NULL,NULL,NULL,NULL,NULL,NULL,NULL,NULL,,"{""fstop"":"""",""focallength"":"""",""exposuretime"":"""",""model"":"""",""iso"":"""",""filename"":""85fc1cb2e1b154080ddf44f61d623766""}","21","0","0","image","0","1","0","2026-04-01 14:38:12","2024-03-21 15:55:36"
"33","Od Darka Szozdy","bb26e56b02fbed5b80dc8d1092092b5f",NULL,"1200","675",,,"20240318222314","https://lh3.googleusercontent.com/pw/AP1GczOLnRlop7fC7oD1wAPhUqWIRRW94HOHLmRjc3z59LRZkIa5GqHGZxFEmWEX-PxQ37sj21bbo-VeseunRcqcUf3iJOJPvjFwbkguGfmRCwkGo8M8EQM","bb26e56b02fbed5b80dc8d1092092b5f",NULL,NULL,NULL,NULL,NULL,NULL,NULL,NULL,NULL,,"{""fstop"":"""",""focallength"":"""",""exposuretime"":"""",""model"":"""",""iso"":"""",""filename"":""bb26e56b02fbed5b80dc8d1092092b5f""}","22","0","0","image","0","1","0","2026-04-01 14:38:12","2024-03-21 15:55:36"
"34","Od Darka Szozdy","41ec59d8fc37cb959c5505ad3bcd1f2f",NULL,"1200","675",,,"20240318222314","https://lh3.googleusercontent.com/pw/AP1GczMFDJD_g1piIcWYDZRv5WcjPjlcf3c6aBHjfQqrDpc4-Idut72ObbnVrudpWxFqlfmkaRnN4RqudKo_HnsIEqhbIEvkVaVIlWkmcErLl16L7SGsLv4","41ec59d8fc37cb959c5505ad3bcd1f2f",NULL,NULL,NULL,NULL,NULL,NULL,NULL,NULL,NULL,,"{""fstop"":"""",""focallength"":"""",""exposuretime"":"""",""model"":"""",""iso"":"""",""filename"":""41ec59d8fc37cb959c5505ad3bcd1f2f""}","23","0","0","image","0","1","0","2026-04-01 14:38:12","2024-03-21 15:55:36"
"35","Od Darka Szozdy","27590212d6f3f726977e79c543986421",NULL,"1200","675",,,"20240318222315","https://lh3.googleusercontent.com/pw/AP1GczP3NcdtxOI3b3ZivqJpUdi3o9sxxqtmPBqgANpb9XxI91muaMNvX3XPOwEOmpl9eCFOiWWWfvJQGlRicGVhMQLoWUp38iVh5TOOYOLc8xOuzQq4xBQ","27590212d6f3f726977e79c543986421",NULL,NULL,NULL,NULL,NULL,NULL,NULL,NULL,NULL,,"{""fstop"":"""",""focallength"":"""",""exposuretime"":"""",""model"":"""",""iso"":"""",""filename"":""27590212d6f3f726977e79c543986421""}","24","0","0","image","0","1","0","2026-04-01 14:38:12","2024-03-21 15:55:36"
"36","Od Darka Szozdy","5ae791679c49e8ae674ca4ba75a53328",NULL,"1200","675",,,"20240318222314","https://lh3.googleusercontent.com/pw/AP1GczM0Ns7hvUEuEjXZcROlYHXJjAf117jrBHbk0OJiaW_hkNFm1ld-LhZ9idtpL7fcJdC1ZAvcubbT5Bh7zuQKeLwq-RtbQsRy7_M8iLgF9dPf1aiTGAw","5ae791679c49e8ae674ca4ba75a53328",NULL,NULL,NULL,NULL,NULL,NULL,NULL,NULL,NULL,,"{""fstop"":"""",""focallength"":"""",""exposuretime"":"""",""model"":"""",""iso"":"""",""filename"":""5ae791679c49e8ae674ca4ba75a53328""}","25","0","0","image","0","1","0","2026-04-01 14:38:12","2024-03-21 15:55:36"
"37","Od Darka Szozdy","20547e00a52f945cecfcfba46255cb51",NULL,"1200","675",,,"20240318222309","https://lh3.googleusercontent.com/pw/AP1GczOVl0epxLlKxNImiNVC52xGKgFuXFdceo77Asi1pXsWsjCGnuGx3q7xKvUqKYKL4pHigUJDormqnpJlxy0-bM6314QnZgG1i2cXiy9YFyGHE8TIIr0","20547e00a52f945cecfcfba46255cb51",NULL,NULL,NULL,NULL,NULL,NULL,NULL,NULL,NULL,,"{""fstop"":"""",""focallength"":"""",""exposuretime"":"""",""model"":"""",""iso"":"""",""filename"":""20547e00a52f945cecfcfba46255cb51""}","26","0","0","image","0","1","0","2026-04-01 14:38:12","2024-03-21 15:55:36"
"38","Od Darka Szozdy","a82c7570e39e63eb2d5db4d05b43b4b8",NULL,"1200","675",,,"20240318222309","https://lh3.googleusercontent.com/pw/AP1GczOkUYx8EombLDKQGXOerwG0K2M-n7rZUTTrBNbDa8JmrWyC-fpIgPaGv6mEG4rpFVIrwuW8n59eqyFYUJHY5BwxGZNCjh-QZYGs3bRRTzfqXzC98To","a82c7570e39e63eb2d5db4d05b43b4b8",NULL,NULL,NULL,NULL,NULL,NULL,NULL,NULL,NULL,,"{""fstop"":"""",""focallength"":"""",""exposuretime"":"""",""model"":"""",""iso"":"""",""filename"":""a82c7570e39e63eb2d5db4d05b43b4b8""}","27","0","0","image","0","1","0","2026-04-01 14:38:12","2024-03-21 15:55:36"
"39","Od Darka Szozdy","8e8790f1dec391381ecc8eb2c1ff25ed",NULL,"1200","675",,,"20240318222315","https://lh3.googleusercontent.com/pw/AP1GczOAOkU4I1PdXHW4yBXBRqsjV0Fxl39fsDESKNQ6TuJ3eevUSPHUW8NDJRCIFbKk0MaJM8q1A5bu8U1DBxCRQ5gvfk4bRTszAOQmShMcJvKmvvpXdk0","8e8790f1dec391381ecc8eb2c1ff25ed",NULL,NULL,NULL,NULL,NULL,NULL,NULL,NULL,NULL,,"{""fstop"":"""",""focallength"":"""",""exposuretime"":"""",""model"":"""",""iso"":"""",""filename"":""8e8790f1dec391381ecc8eb2c1ff25ed""}","28","0","0","image","0","1","0","2026-04-01 14:38:12","2024-03-21 15:55:36"
"40","Od Darka Szozdy","7d4e401fd9123c5834bc4cbf9da59fcc",NULL,"1200","675",,,"20240318222310","https://lh3.googleusercontent.com/pw/AP1GczOnfxo1CUMI5tj6hLd8tsNjlyixbWAauiRVYFE83ya1vz7zCJOdlCtJen2SCz4YEquGuaaK902q_O8RHF78x_GwtU8iTvkCMhb3NvWZ1Kt2lkqk_k4","7d4e401fd9123c5834bc4cbf9da59fcc",NULL,NULL,NULL,NULL,NULL,NULL,NULL,NULL,NULL,,"{""fstop"":"""",""focallength"":"""",""exposuretime"":"""",""model"":"""",""iso"":"""",""filename"":""7d4e401fd9123c5834bc4cbf9da59fcc""}","29","0","0","image","0","1","0","2026-04-01 14:38:12","2024-03-21 15:55:36"
